command,mean,stddev,median,user,system,min,max
seqfu deinterleave -o de interleaved.fq,3.926356560985,0.0798249633753779,3.9041413944850003,2.840053915,0.7205904499999999,3.8311064424850003,4.074725533485
taskset 1 ./bash_deinterleave.sh interleaved.fq de_R1.fq de_R2.fq,12.819055282385,0.09798219071790726,12.851161045485,6.5760299149999994,2.47481075,12.659415723484999,12.951976664485
