command,mean,stddev,median,user,system,min,max
seqfu interleave -1 R1.fq -2 R2.fq,4.705877015055,0.13891211404507128,4.695213535255,2.8815709250000006,1.167652515,4.506715327755,4.9388362337550005
taskset 1 ./bash_interleave.sh R1.fq R2.fq,11.440318741355,0.06817430275005414,11.428228541255,8.960131525000001,1.973334115,11.349333829755,11.594906206755
